Index,Question,Model_Answer,Retrieved_Titles
1,1.  How did the number of foreign tourists visiting North Korea change in 2024 compared to previous years?,"The number of foreign tourists visiting North Korea in 2024 is expected to increase by 20.4% compared to the previous year. This is due to the government's efforts to promote tourism and attract more international visitors to the country. The ministry has scheduled 11 international visits, with the first one scheduled for February 26, 2024. The government has also taken strict action against anyone who attempted to use Cambodia as a base for their underworld activities. Overall, the government is very cautious and has taken tough action against those who attempt to use Cambodia as a base for their activities.","['Tourists step into N. Korea after five-year freeze.', 'Sabah set to attract 3.5 million tourists in 2025.', 'Cambodia’s not a base for kidnapping, cybercrime, human trafficking says PM Hun Manet.']"
2,2.  What is the current situation regarding border traffic restrictions in North Korea?,"The current situation regarding border traffic restrictions in North Korea is that North Korea has been implementing measures to limit the movement of foreign tourists and other visitors to the country. This includes the closure of the country's borders to all tourists, as well as the restrictions on the movement of diplomats and personnel. The government has also been working to improve the security and safety of the border area, and to ensure that the border is maintained at a safe and secure distance from the country's borders. The government has also been working to develop alternative transportation modes, such as safety and security, to ensure that the border is maintained at a safe and secure distance from the country's borders. The government has also been working to develop a seamless connectivity between Malaysia and Singapore, and to strengthen the local transportation network in Malaysia to support the JS-SEZ area. The government has also established an RM5bil facilitation fund (for infrastructure) to support the development of the JS-SEZ area.","['Tourists step into N. Korea after five-year freeze.', ""North Korea's Kim calls for building modern army to brace for war."", 'Three long-term plans for JS-SEZ to mitigate traffic congestion, says Economy Ministry.']"
3,3.  How does the recent trip by a small group of foreign tourists to North Korea signal the country's economic situation?,"The recent trip by a small group of foreign tourists to North Korea signals the country's economic situation by indicating that North Korea may be gearing up for a full resumption of its international tourism to bring in much-needed foreign currency to revive its struggling economy. This is because the country has been closed to all tourists for five years, and the recent trip indicates that North Korea may be opening its borders to international travellers. This could lead to a significant increase in tourism revenue and the potential for the country to attract more foreign tourists in the future.","['Tourists step into N. Korea after five-year freeze.', 'Sabah set to attract 3.5 million tourists in 2025.', 'China’s travel costs drop in off-peak season.']"
4,"4.  What is the current state of Rason, the northeastern North Korean border city, in terms of economic development?","Rason, the northeastern North Korean border city, is currently experiencing significant economic development. The city has seen a significant increase in tourism, with more international travellers visiting the area in recent years. This has led to a rise in the number of businesses and industries in the area, including hotels, restaurants, and shops. The city has also seen a rise in the number of tourists visiting the area, with many coming to experience the unique culture and history of North Korea. Additionally, the city has seen a rise in the number of businesses and industries in the area, including manufacturing and construction, which has led to a rise in employment opportunities. Overall, the economic development of Rason has been a positive development for the country, and the city has seen a significant increase in tourism and business opportunities.","['Tourists step into N. Korea after five-year freeze.', ""North Korea's Kim calls for building modern army to brace for war."", 'MBDK discusses strategic plan for 2025-2030.']"
5,5.  How does the article's mention of a small group of foreign tourists visiting North Korea in February 2024 relate to the country's Covid-19 restrictions?,"The article mentions that a small group of foreign tourists visited North Korea in February 2024, which indicates that the country was not a base for kidnapping, online crime, or human trafficking. This suggests that the country was not under strict Covid-19 restrictions, as the article states that the country was not a base for these activities.","['Tourists step into N. Korea after five-year freeze.', 'Cambodia’s not a base for kidnapping, cybercrime, human trafficking says PM Hun Manet.', 'Russia and Asean working on comprehensive cooperation plan for next five year, says Moscow.']"
6,"6.  What is the significance of Kim Il-sung and Kim Jong-il, the late grandfather and father of current leader Kim Jong-un, in North Korean culture and politics?","Kim Il-sung and Kim Jong-il, the late grandfather and father of current leader Kim Jong-un, are significant figures in North Korean culture and politics. They are revered as national heroes and are often depicted in art and literature as powerful and influential figures. Their legacy is intertwined with the country's history and culture, and their influence can be seen in various aspects of North Korean society, including politics, economy, and military. Their contributions to the country's development and progress are often celebrated and remembered, and their legacy continues to shape the country's identity and values.","[""North Korea's Kim calls for building modern army to brace for war."", 'Tourists step into N. Korea after five-year freeze.', 'Endless ordeal for the Rohingya.']"
7,7.  How does the recent trip by foreign tourists to North Korea align with the country's current efforts to reopen its borders?,"The recent trip by foreign tourists to North Korea aligns with the country's current efforts to reopen its borders. The government has taken strict action against anyone who attempted to use Cambodia as a base for their underworld activities, and the country has four UNESCO-listed world heritage sites, namely the Angkor Archaeological Park in northwest Siem Reap province, the Temple Zone of Sambor Prei Kuk in central Kampong Thom province, and the Temple of Preah Vihear and the Koh Ker archaeological site in northwest Preah Vihear province. The government has also set its sights on Shanghai and Moscow, and tourist arrivals last year reached 75% of pre-pandemic levels.","['Tourists step into N. Korea after five-year freeze.', 'Cambodia’s not a base for kidnapping, cybercrime, human trafficking says PM Hun Manet.', 'Sabah set to attract 3.5 million tourists in 2025.']"
8,"8.  What is the current state of North Korea's economy, and how has it been affected by Covid-19 restrictions?","The current state of North Korea's economy is uncertain, but it is believed to be in a state of recession. The country has been facing significant economic challenges due to the pandemic, including a decline in tourism, a decrease in foreign investment, and a reduction in foreign currency reserves. The government has also been struggling to implement economic reforms and has been criticized for its slow pace of economic growth. The economy is also affected by Covid-19 restrictions, which have led to a decrease in tourism and a reduction in foreign investment. The government has also been criticized for its slow pace of economic growth and for its slow response to the pandemic. The economy is also affected by the ongoing conflict with Russia, which has led to a decrease in trade and a reduction in foreign investment. The economy is also affected by the ongoing conflict with the United States, which has led to a decrease in trade and a reduction in foreign investment. The economy is also affected by the ongoing conflict with China, which has led to a decrease in trade and a reduction in foreign investment. The economy is also affected by the ongoing conflict with South Korea, which has led to a decrease in trade and a reduction in foreign investment. The economy is also affected by the ongoing conflict with Japan, which has led to a decrease in trade and a reduction in foreign investment. The economy is also affected by the ongoing conflict with the United States, which has led to a decrease in trade and a reduction in foreign investment. The economy is also affected by the ongoing conflict with South Korea, which has led to a decrease in trade and a reduction in foreign investment. The economy is also affected by the ongoing conflict with Japan, which has led to a decrease in trade and a reduction in foreign investment. The economy is also affected by the ongoing conflict with the United States, which has led to a decrease in trade and a reduction in foreign investment. The economy is also affected by the ongoing conflict with South Korea, which has led to a decrease in trade and a reduction in foreign investment. The economy is also affected by the ongoing conflict with Japan, which has led to a decrease in trade and a reduction in foreign investment. The economy is also affected by the ongoing conflict with the United States, which has led to a decrease in trade and a reduction in foreign investment. The economy is also affected by the ongoing conflict with South Korea, which has led to a decrease in trade and a reduction in foreign investment. The economy is also affected by the ongoing conflict with Japan, which has led to a decrease in trade and a","['Tourists step into N. Korea after five-year freeze.', ""North Korea's Kim calls for building modern army to brace for war."", 'North Korea criticizes US over AUKUS nuclear submarine deal.']"
9,9.  How does the article's mention of a small group of foreign tourists visiting North Korea relate to the country's overall efforts to reopen its borders?,"The article mentions a small group of foreign tourists visiting North Korea in the past week, which indicates that the country is not a base for kidnapping, online crime, or human trafficking. This suggests that the country is actively working to reopen its borders and is taking steps to ensure that tourists can visit without fear of being subjected to these types of activities.","['Tourists step into N. Korea after five-year freeze.', 'Cambodia’s not a base for kidnapping, cybercrime, human trafficking says PM Hun Manet.', 'Sabah set to attract 3.5 million tourists in 2025.']"
10,10.  What are some potential challenges facing North Korea in terms of reopening its borders to international tourism?,"1. North Korea may be gearing up for a full resumption of its international tourism to bring in much-needed foreign currency to revive its struggling economy.
2. The latest trip indicates North Korea may be gearing up for a full resumption of its international tourism to bring in much-needed foreign currency to revive its struggling economy, experts say.
3. The country has four UNESCO-listed world heritage sites, namely the Angkor Archaeological Park in northwest Siem Reap province, the Temple Zone of Sambor Prei Kuk in central Kampong Thom province, and the Temple of Preah Vihear and the Koh Ker archaeological site in northwest Preah Vihear province.
4. The government is very cautious and has taken strict action against anyone who attempted to use Cambodia as a base for their underworld activities.
5. The country has four UNESCO-listed world heritage sites, namely the Angkor Archaeological Park in northwest Siem Reap province, the Temple Zone of Sambor Prei Kuk in central Kampong Thom province, and the Temple of Preah Vihear and the Koh Ker archaeological site in northwest Preah Vihear province.
6. The government is very cautious and has taken strict action against anyone who attempted to use Cambodia as a base for their underworld activities.
7. The country has four UNESCO-listed world heritage sites, namely the Angkor Archaeological Park in northwest Siem Reap province, the Temple Zone of Sambor Prei Kuk in central Kampong Thom province, and the Temple of Preah Vihear and the Koh Ker archaeological site in northwest Preah Vihear province.
8. The government is very cautious and has taken strict action against anyone who attempted to use Cambodia as a base for their underworld activities.
9. The country has four UNESCO-listed world heritage sites, namely the Angkor Archaeological Park in northwest Siem Reap province, the Temple Zone of Sambor Prei Kuk in central Kampong Thom province, and the Temple of Preah Vihear and the Koh Ker archaeological site in northwest Preah Vihear province.
10. The government is very cautious and has taken strict action against anyone who attempted to use Cambodia as a base for their underworld activities.
11. The country has four UNESCO-listed world heritage sites, namely the Angkor Archaeological Park in northwest Siem Reap province, the Temple Zone of Sambor Prei Kuk in central Kampong Thom province, and the Temple of Preah Vihear and the Koh Ker archaeological site in northwest Pre","['Tourists step into N. Korea after five-year freeze.', 'Cambodia’s not a base for kidnapping, cybercrime, human trafficking says PM Hun Manet.', 'Sabah set to attract 3.5 million tourists in 2025.']"
11,"11.  How has the pandemic affected North Korea's ability to accept foreign tourists, and what steps has the country taken to address these challenges?","1. The pandemic has affected North Korea's ability to accept foreign tourists in several ways. Firstly, the country has been closed to all tourists for five years, which has made it difficult for foreign tourists to enter the country. Secondly, the country has been facing issues with online crime and human trafficking, which have led to a decline in tourist arrivals. However, the government has taken steps to address these challenges, such as implementing stricter action against those who attempt to use Cambodia as a base for their underworld activities.

2. The pandemic has also affected North Korea's ability to attract foreign tourists. In 2024, the country expects to exceed its target of 3.5 million tourist arrivals, with a target of 3.14 million and a revenue of RM7.28bil. However, the government has set its sights on Shanghai and Moscow, which are among the top tourist destinations in the world. The ministry has also scheduled 11 international visits to promote the state, with the rest led by STB chairman Datuk Joniston Bangkuai and chief executive officer Julinus Jeffrey Jimit. The ministry has also set its sights on Shanghai and Moscow, which are among the top tourist destinations in the world.","['Tourists step into N. Korea after five-year freeze.', 'Cambodia’s not a base for kidnapping, cybercrime, human trafficking says PM Hun Manet.', 'Sabah set to attract 3.5 million tourists in 2025.']"
12,12.  How does the article's mention of a small group of foreign tourists visiting North Korea relate to the country's diplomatic relations with other nations?,"The article's mention of a small group of foreign tourists visiting North Korea relates to the country's diplomatic relations with other nations because it highlights the country's efforts to promote tourism and international relations. The article mentions that North Korea is not a base for kidnapping, online crime, or human trafficking, which indicates that the country is not a significant player in these areas. Additionally, the article highlights the country's diplomatic efforts to promote tourism and international relations, which suggests that it is a significant player in these areas.","['Tourists step into N. Korea after five-year freeze.', 'North Korea criticizes US over AUKUS nuclear submarine deal.', 'Cambodia’s not a base for kidnapping, cybercrime, human trafficking says PM Hun Manet.']"
13,13.  What are some potential benefits for North Korea in terms of reopening its borders to international tourism?,"1. North Korea may be gearing up for a full resumption of its international tourism to bring in much-needed foreign currency to revive its struggling economy.
2. The latest trip indicates North Korea may be gearing up for a full resumption of its international tourism to bring in much-needed foreign currency to revive its struggling economy, experts say.
3. The country was not a base for kidnapping, online crime, or human trafficking, and the government was very cautious and had taken strict action against anyone who attempted to use Cambodia as a base for their underworld activities.","['Tourists step into N. Korea after five-year freeze.', 'Cambodia’s not a base for kidnapping, cybercrime, human trafficking says PM Hun Manet.', 'Sabah set to attract 3.5 million tourists in 2025.']"
14,14.  How has the recent trip by foreign tourists to North Korea impacted the country's reputation and perception among other nations?,"The recent trip by foreign tourists to North Korea has impacted the country's reputation and perception among other nations in several ways. Firstly, it has raised concerns about the country's safety and security, as the country has been under a state of lockdown for five years. This has led to a decrease in international tourism, which has negatively impacted the country's economy and foreign exchange reserves. Secondly, the recent trip has also raised concerns about the country's reputation as a safe travel destination, as the country has been under a state of lockdown for five years. This has led to a decrease in international tourism, which has negatively impacted the country's economy and foreign exchange reserves. Additionally, the recent trip has also raised concerns about the country's reputation as a safe travel destination, as the country has been under a state of lockdown for five years. This has led to a decrease in international tourism, which has negatively impacted the country's economy and foreign exchange reserves. Finally, the recent trip has also raised concerns about the country's reputation as a safe travel destination, as the country has been under a state of lockdown for five years. This has led to a decrease in international tourism, which has negatively impacted the country's economy and foreign exchange reserves.","['Tourists step into N. Korea after five-year freeze.', 'Cambodia’s not a base for kidnapping, cybercrime, human trafficking says PM Hun Manet.', 'Thailand taps Baidu to ease Chinese tourists’ safety worries.']"
15,15.  How does the article's mention of a small group of foreign tourists visiting North Korea relate to the country's isolation from the international community?,"The article's mention of a small group of foreign tourists visiting North Korea relates to the country's isolation from the international community because the article states that the country was not a base for kidnapping, online crime, or human trafficking. This indicates that the country has a limited ability to attract international tourists and has limited resources to deal with these issues. The article also mentions that the country has four UNESCO-listed world heritage sites, which may indicate that the country has a strong cultural heritage and is not a tourist destination for many tourists. Overall, the article's mention of a small group of foreign tourists visiting North Korea suggests that the country is not a popular tourist destination and may have limited resources to attract international tourists.","['Tourists step into N. Korea after five-year freeze.', 'Cambodia’s not a base for kidnapping, cybercrime, human trafficking says PM Hun Manet.', 'Young Chinese find niche in inbound tourism.']"
16,16.  What are some potential implications of North Korea's decision to reopen its borders to international tourism?,"1. North Korea's decision to reopen its borders to international tourism could potentially lead to an increase in tourism revenue, as more international tourists will be visiting the country. This could result in more foreign currency being brought in to the country, which could help to revive its struggling economy. Additionally, the country's economy may benefit from increased tourism revenue, as it could generate more foreign exchange and create more jobs for local residents.

2. The decision to reopen its borders to international tourism could also have implications for North Korea's security and stability. The country has been under a state of lockdown since 2020, which has led to a significant reduction in international tourism. However, the country's economy has been struggling to recover, and the decision to reopen its borders could help to boost tourism revenue and generate more foreign currency. This could also help to reduce tensions between North Korea and its neighbors, as it could create a more stable and peaceful environment for international tourism.

3. The decision to reopen its borders to international tourism could also have implications for North Korea's reputation and image. The country has been under a state of lockdown since 2020, which has led to a significant reduction in international tourism. However, the country's economy has been struggling to recover, and the decision to reopen its borders could help to boost tourism revenue and generate more foreign currency. This could also help to reduce tensions between North Korea and its neighbors, as it could create a more stable and peaceful environment for international tourism.","['Tourists step into N. Korea after five-year freeze.', 'Cambodia’s not a base for kidnapping, cybercrime, human trafficking says PM Hun Manet.', 'Sabah set to attract 3.5 million tourists in 2025.']"
17,"17.  How has the pandemic affected North Korea's ability to host foreign tourists, and what steps has the country taken to address these challenges?","The pandemic has significantly impacted North Korea's ability to host foreign tourists. The country has been under lockdown and has been severely curtailed in its border traffic, leading to a decline in international tourism. The government has taken several measures to address these challenges, including:

1. Taking strict action against anyone who attempted to use Cambodia as a base for their underworld activities. This has led to a decline in the number of foreign tourists visiting the country.

2. Encouraging more international tourists to visit the country. The government has arranged a five-day trip from February 20 to February 24 for 13 international tourists to the northeastern North Korean border city of Rason, where the country's special economic zone is located.

3. Promoting the state's excellent service awards ceremony to attract more tourists. The government has scheduled 11 international visits to Shanghai and Moscow, with the rest led by STB chairman Datuk Joniston Bangkuai and chief executive officer Julinus Jeffrey Jimit.

4. Encouraging more international tourists to visit the country. The government has arranged a five-day trip from February 20 to February 24 for 13 international tourists to the northeastern North Korean border city of Rason, where the country's special economic zone is located.

5. Encouraging more international tourists to visit the country. The government has arranged a five-day trip from February 20 to February 24 for 13 international tourists to the northeastern North Korean border city of Rason, where the country's special economic zone is located.

6. Encouraging more international tourists to visit the country. The government has arranged a five-day trip from February 20 to February 24 for 13 international tourists to the northeastern North Korean border city of Rason, where the country's special economic zone is located.

7. Encouraging more international tourists to visit the country. The government has arranged a five-day trip from February 20 to February 24 for 13 international tourists to the northeastern North Korean border city of Rason, where the country's special economic zone is located.

8. Encouraging more international tourists to visit the country. The government has arranged a five-day trip from February 20 to February 24 for 13 international tourists to the northeastern North Korean border city of Rason, where the country's special economic zone is located.

9. Encouraging more international tourists to visit the country. The government has arranged a five-day","['Tourists step into N. Korea after five-year freeze.', 'Cambodia’s not a base for kidnapping, cybercrime, human trafficking says PM Hun Manet.', 'Sabah set to attract 3.5 million tourists in 2025.']"
18,18.  How does the article's mention of a small group of foreign tourists visiting North Korea relate to the country's overall efforts to reopen its economy?,"The article's mention of a small group of foreign tourists visiting North Korea relates to the country's overall efforts to reopen its economy in several ways:

1. **Tourism**: The article mentions that a small group of foreign tourists has visited North Korea in the past week, indicating that the country is actively seeking to attract international tourists. This suggests that the government is taking steps to promote tourism and attract foreign investment.

2. **Economic Reopening**: The article states that the country may be gearing up for a full resumption of its international tourism to bring in much-needed foreign currency to revive its struggling economy. This implies that the government is actively working to stimulate economic growth and improve the country's international image.

3. **International Tourism**: The article highlights that the country has been open to international tourists since January 2020, indicating that the government is actively promoting tourism and attracting more visitors. This suggests that the government is taking proactive measures to encourage international tourism and improve the country's image.

4. **Tourism Promotion**: The article mentions that the first overseas promotion was for Shanghai and Moscow, indicating that the government is actively promoting tourism and attracting more international tourists. This suggests that the government is taking a proactive approach to promote tourism and improve the country's image.

Overall, the article's mention of a small group of foreign tourists visiting North Korea relates to the country's overall efforts to reopen its economy by promoting tourism and attracting more visitors.","['Tourists step into N. Korea after five-year freeze.', 'Sabah set to attract 3.5 million tourists in 2025.', 'Cambodia’s not a base for kidnapping, cybercrime, human trafficking says PM Hun Manet.']"
19,"19.  What are some potential challenges facing North Korea in terms of reopening its borders to international tourism, and how has the pandemic affected these challenges?","1. Challenges facing North Korea in terms of reopening its borders to international tourism include: 
- The country's strict curbs and restrictions on international tourism, which have been in place since 2022.
- The pandemic, which has led to a significant decrease in international tourism due to lockdowns and travel restrictions.
- The country's limited capacity for international tourism, which has limited the number of tourists it can accept.
- The potential for cybercrime and online crime, which could lead to the theft of sensitive information and the disruption of tourism operations.
- The potential for human trafficking, which could lead to the exploitation of vulnerable individuals and the disruption of tourism operations.

2. The pandemic has affected these challenges in several ways, including:
- The country's strict curbs and restrictions on international tourism have led to a significant decrease in international tourism due to lockdowns and travel restrictions.
- The pandemic has led to a significant decrease in international tourism due to lockdowns and travel restrictions, which has limited the number of tourists it can accept.
- The pandemic has led to a significant decrease in international tourism due to lockdowns and travel restrictions, which has limited the number of tourists it can accept.
- The pandemic has led to a significant decrease in international tourism due to lockdowns and travel restrictions, which has limited the number of tourists it can accept.
- The pandemic has led to a significant decrease in international tourism due to lockdowns and travel restrictions, which has limited the number of tourists it can accept.
- The pandemic has led to a significant decrease in international tourism due to lockdowns and travel restrictions, which has limited the number of tourists it can accept.
- The pandemic has led to a significant decrease in international tourism due to lockdowns and travel restrictions, which has limited the number of tourists it can accept.
- The pandemic has led to a significant decrease in international tourism due to lockdowns and travel restrictions, which has limited the number of tourists it can accept.
- The pandemic has led to a significant decrease in international tourism due to lockdowns and travel restrictions, which has limited the number of tourists it can accept.
- The pandemic has led to a significant decrease in international tourism due to lockdowns and travel restrictions, which has limited the number of tourists it can accept.
- The pandemic has led to a significant decrease in international tourism due to lockdowns and travel restrictions, which has limited the number of tourists it can accept.
- The pandemic has led to a significant decrease in international tourism due to lockdowns and travel restrictions, which has limited the","['Tourists step into N. Korea after five-year freeze.', 'Cambodia’s not a base for kidnapping, cybercrime, human trafficking says PM Hun Manet.', 'Sabah set to attract 3.5 million tourists in 2025.']"
20,"20.  How has the recent trip by foreign tourists to North Korea impacted the country's ability to attract international visitors, and what steps has the country taken to address any challenges in this regard?","The recent trip by foreign tourists to North Korea has impacted the country's ability to attract international visitors in several ways. Firstly, it has increased the number of tourists visiting North Korea, which has led to a rise in the country's tourism industry. Secondly, it has also led to an increase in the number of foreign users joining Chinese social media platforms, which has further boosted the country's tourism industry. However, the country has also faced challenges in addressing any potential issues related to the recent trip. For instance, the recent trip has led to concerns about the country's ability to attract international visitors, as well as concerns about the potential impact on the country's economy. To address these challenges, the country has taken several steps, including taking strict action against anyone who attempted to use Cambodia as a base for their underworld activities, as well as taking steps to address any concerns about the recent trip.","['Tourists step into N. Korea after five-year freeze.', 'Cambodia’s not a base for kidnapping, cybercrime, human trafficking says PM Hun Manet.', 'Young Chinese find niche in inbound tourism.']"
