Question,Category,Reason
1.  How did the number of foreign tourists visiting North Korea change in 2024 compared to previous years?,General,"The article mentions a small group of foreign tourists entering North Korea, indicating a possible resumption of international tourism."
2.  What is the current situation regarding border traffic restrictions in North Korea?,General,The article mentions that North Korea has been slowly easing curbs and reopening its borders since 2022.
3.  How does the recent trip by a small group of foreign tourists to North Korea signal the country's economic situation?,General,The trip suggests that North Korea may be looking to revive its struggling economy through international tourism.
"4.  What is the current state of Rason, the northeastern North Korean border city, in terms of economic development?",General,The article mentions that Rason is located in the far north of North Korea and has been slowly easing curbs and reopening its borders.
5.  How does the article's mention of a small group of foreign tourists visiting North Korea in February 2024 relate to the country's Covid-19 restrictions?,General,The article does not provide any information about North Korea's Covid-19 restrictions or how they may have affected international travel.
"6.  What is the significance of Kim Il-sung and Kim Jong-il, the late grandfather and father of current leader Kim Jong-un, in North Korean culture and politics?",General,The article mentions Kim Il-sung and Kim Jong-il as important figures in North Korea's history and politics.
7.  How does the recent trip by foreign tourists to North Korea align with the country's current efforts to reopen its borders?,General,The trip suggests that North Korea is taking steps to gradually reopen its borders to international travel.
"8.  What is the current state of North Korea's economy, and how has it been affected by Covid-19 restrictions?",General,The article does not provide any information about North Korea's economy or how it may have been affected by Covid-19 restrictions.
9.  How does the article's mention of a small group of foreign tourists visiting North Korea relate to the country's overall efforts to reopen its borders?,General,The article does not provide any information about North Korea's efforts to reopen its borders or how the recent trip may be related to those efforts.
10.  What are some potential challenges facing North Korea in terms of reopening its borders to international tourism?,General,The article does not provide any information about potential challenges facing North Korea in terms of reopening its borders.
"11.  How has the pandemic affected North Korea's ability to accept foreign tourists, and what steps has the country taken to address these challenges?",General,The article does not provide any information about how the pandemic may have affected North Korea's ability to accept foreign tourists or what steps the country has taken to address these challenges.
12.  How does the article's mention of a small group of foreign tourists visiting North Korea relate to the country's diplomatic relations with other nations?,General,The article does not provide any information about North Korea's diplomatic relations with other nations or how the recent trip may be related to those relations.
13.  What are some potential benefits for North Korea in terms of reopening its borders to international tourism?,General,The article does not provide any information about potential benefits for North Korea in terms of reopening its borders to international tourism.
14.  How has the recent trip by foreign tourists to North Korea impacted the country's reputation and perception among other nations?,General,The article does not provide any information about how the recent trip may have impacted North Korea's reputation or perception among other nations.
15.  How does the article's mention of a small group of foreign tourists visiting North Korea relate to the country's isolation from the international community?,General,The article does not provide any information about North Korea's isolation from the international community or how the recent trip may be related to that isolation.
16.  What are some potential implications of North Korea's decision to reopen its borders to international tourism?,General,The article does not provide any information about potential implications of North Korea's decision to reopen its borders to international tourism.
"17.  How has the pandemic affected North Korea's ability to host foreign tourists, and what steps has the country taken to address these challenges?",General,The article does not provide any information about how the pandemic may have affected North Korea's ability to host foreign tourists or what steps the country has taken to address those challenges.
18.  How does the article's mention of a small group of foreign tourists visiting North Korea relate to the country's overall efforts to reopen its economy?,General,The article does not provide any information about North Korea's overall efforts to reopen its economy or how the recent trip may be related to those efforts.
"19.  What are some potential challenges facing North Korea in terms of reopening its borders to international tourism, and how has the pandemic affected these challenges?",General,The article does not provide any information about potential challenges facing North Korea in terms of reopening its borders to international tourism or how the pandemic may have affected those challenges.
"20.  How has the recent trip by foreign tourists to North Korea impacted the country's ability to attract international visitors, and what steps has the country taken to address any challenges in this regard?",General,The article does not provide any information about how the recent trip may have impacted North Korea's ability to attract international visitors or what steps the country has taken to address any challenges in this regard.
